{
    "acc": 0.3573814295257181,
    "speed": 0.004965692181227282,
    "total_samples": 1497
}