{
    "acc": 0.41148964595858384,
    "speed": 0.004853099365591127,
    "total_samples": 1497
}